PLAYER_NAME,HEIGHT_WO_SHOES,WEIGHT,WINGSPAN,STANDING_REACH,MAX_VERTICAL_LEAP,LANE_AGILITY_TIME,THREE_QUARTER_SPRINT,MEASUREMENT_SOURCE,MEASUREMENT_NOTES
AJ Dybantsa,,,,,,,,nba_combine_alias,Official combine row matched under Anicet Dybantsa.
Darryn Peterson,,,,,,,,nba_combine,
Cameron Boozer,,,,,,,,nba_combine,
Caleb Wilson,,,,,,,,nba_combine,
Koa Peat,,,,,,,,nba_combine,
Chris Cenac Jr.,,,,,,,,nba_combine_alias,Official combine row matched under Christopher Cenac Jr.
Jayden Quaintance,,,,,,,,nba_combine,
Karim Lopez,,,,,,,,nba_combine,
Aday Mara,,,,,,,,nba_combine,
Yaxel Lendeborg,,,,,,,,nba_combine,
Cameron Carr,,,,,,,,nba_combine,
Allen Graves,,,,,,,,nba_combine,
Mikel Brown Jr.,,,,,,,,nba_combine_alias,Official combine row matched under Christopher Brown Jr.
Kingston Flemings,,,,,,,,nba_combine,
Darius Acuff Jr.,,,,,,,,nba_combine,
Keaton Wagler,,,,,,,,nba_combine,
Nate Ament,,,,,,,,nba_combine_alias,Official combine row matched under Nathaniel Ament.
Meleek Thomas,,,,,,,,nba_combine,
